[
    {
        "title":"抹茶旦旦图片1",
        "tag":"1",
        "cardImage":"dandan01",
        "url":"01"
    },
    {
        "title":"抹茶旦旦图片3",
        "cardImage":"dandan03",
        "tag":"3",
        "url":"03"
    },
    {
        "title":"抹茶旦旦图片2",
        "cardImage":"dandan02",
        "tag":"2",
        "url":"02"
    },
    {
        "title":"抹茶旦旦图片1",
        "tag":"1",
        "cardImage":"dandan01",
        "url":"01"
    },
    {
        "title":"抹茶旦旦图片3",
        "cardImage":"dandan03",
        "tag":"3",
        "url":"03"
    },
    {
        "title":"抹茶旦旦图片4",
        "cardImage":"dandan04",
        "tag":"4",
        "url":"01"
    },
    {
        "title":"抹茶旦旦图片2",
        "cardImage":"dandan02",
        "tag":"2",
        "url":"02"
    },
    {
        "title":"抹茶旦旦图片4",
        "cardImage":"dandan04",
        "tag":"4",
        "url":"01"
    },
    {
        "title":"抹茶旦旦图片5",
        "cardImage":"dandan05",
        "tag":"5",
        "url":"01"
    },
    {
        "title":"抹茶旦旦图片6",
        "cardImage":"dandan06",
        "tag":"6",
        "url":"01"
    },
    {
        "title":"抹茶旦旦图片6",
        "cardImage":"dandan06",
        "tag":"6",
        "url":"01"
    },
    
    {
        "title":"抹茶旦旦图片9",
        "cardImage":"dandan09",
        "tag":"9",
        "url":"01"
    },
    {
        "title":"抹茶旦旦图片10",
        "cardImage":"dandan10",
        "tag":"10",
        "url":"01"
    },
    {
        "title":"抹茶旦旦图片7",
        "cardImage":"dandan07",
        "tag":"7",
        "url":"01"
    },
    {
        "title":"抹茶旦旦图片5",
        "cardImage":"dandan05",
        "tag":"5",
        "url":"01"
    },
    {
        "title":"抹茶旦旦图片8",
        "cardImage":"dandan08",
        "tag":"8",
        "url":"01"
    },
    {
        "title":"抹茶旦旦图片7",
        "cardImage":"dandan07",
        "tag":"7",
        "url":"01"
    },
    {
        "title":"抹茶旦旦图片8",
        "cardImage":"dandan08",
        "tag":"8",
        "url":"01"
    },
    {
        "title":"抹茶旦旦图片9",
        "cardImage":"dandan09",
        "tag":"9",
        "url":"01"
    },
    {
        "title":"抹茶旦旦图片10",
        "cardImage":"dandan10",
        "tag":"10",
        "url":"01"
    },
    
    
]
